indicator_id,indicator_number,domain,direction,anchor,sign,delta_value,year,baseline_adri,perturbed_adri,delta_adri,abs_delta_adri
naep_g8_composite,1,Education,1,anchor_low,plus,4.0,2010,35.45,34.96,-0.49,0.49
naep_g8_composite,1,Education,1,anchor_low,plus,4.0,2011,35.42,34.96,-0.46,0.46
naep_g8_composite,1,Education,1,anchor_low,plus,4.0,2012,36.95,36.49,-0.46,0.46
naep_g8_composite,1,Education,1,anchor_low,plus,4.0,2013,35.54,35.12,-0.42,0.42
naep_g8_composite,1,Education,1,anchor_low,plus,4.0,2014,36.62,36.2,-0.42,0.42
naep_g8_composite,1,Education,1,anchor_low,plus,4.0,2015,36.78,36.28,-0.5,0.5
naep_g8_composite,1,Education,1,anchor_low,plus,4.0,2016,38.11,37.61,-0.5,0.5
naep_g8_composite,1,Education,1,anchor_low,plus,4.0,2017,37.96,37.44,-0.52,0.52
naep_g8_composite,1,Education,1,anchor_low,plus,4.0,2018,39.78,39.25,-0.53,0.53
naep_g8_composite,1,Education,1,anchor_low,plus,4.0,2019,42.06,41.49,-0.57,0.57
naep_g8_composite,1,Education,1,anchor_low,plus,4.0,2020,42.03,41.46,-0.57,0.57
naep_g8_composite,1,Education,1,anchor_low,plus,4.0,2021,42.36,41.79,-0.57,0.57
naep_g8_composite,1,Education,1,anchor_low,plus,4.0,2022,38.63,37.89,-0.74,0.74
naep_g8_composite,1,Education,1,anchor_low,plus,4.0,2023,42.06,41.32,-0.74,0.74
naep_g8_composite,1,Education,1,anchor_low,plus,4.0,2024,44.16,43.41,-0.75,0.75
naep_g8_composite,1,Education,1,anchor_low,minus,-4.0,2010,35.45,35.84,0.39,0.39
naep_g8_composite,1,Education,1,anchor_low,minus,-4.0,2011,35.42,35.79,0.37,0.37
naep_g8_composite,1,Education,1,anchor_low,minus,-4.0,2012,36.95,37.32,0.37,0.37
naep_g8_composite,1,Education,1,anchor_low,minus,-4.0,2013,35.54,35.88,0.34,0.34
naep_g8_composite,1,Education,1,anchor_low,minus,-4.0,2014,36.62,36.96,0.34,0.34
naep_g8_composite,1,Education,1,anchor_low,minus,-4.0,2015,36.78,37.19,0.41,0.41
naep_g8_composite,1,Education,1,anchor_low,minus,-4.0,2016,38.11,38.52,0.41,0.41
naep_g8_composite,1,Education,1,anchor_low,minus,-4.0,2017,37.96,38.4,0.44,0.44
naep_g8_composite,1,Education,1,anchor_low,minus,-4.0,2018,39.78,40.21,0.43,0.43
naep_g8_composite,1,Education,1,anchor_low,minus,-4.0,2019,42.06,42.53,0.47,0.47
naep_g8_composite,1,Education,1,anchor_low,minus,-4.0,2020,42.03,42.49,0.46,0.46
naep_g8_composite,1,Education,1,anchor_low,minus,-4.0,2021,42.36,42.83,0.47,0.47
naep_g8_composite,1,Education,1,anchor_low,minus,-4.0,2022,38.63,39.23,0.6,0.6
naep_g8_composite,1,Education,1,anchor_low,minus,-4.0,2023,42.06,42.66,0.6,0.6
naep_g8_composite,1,Education,1,anchor_low,minus,-4.0,2024,44.16,44.78,0.62,0.62
naep_g8_composite,1,Education,1,anchor_high,plus,4.0,2010,35.45,34.93,-0.52,0.52
naep_g8_composite,1,Education,1,anchor_high,plus,4.0,2011,35.42,34.88,-0.54,0.54
naep_g8_composite,1,Education,1,anchor_high,plus,4.0,2012,36.95,36.41,-0.54,0.54
naep_g8_composite,1,Education,1,anchor_high,plus,4.0,2013,35.54,34.97,-0.57,0.57
naep_g8_composite,1,Education,1,anchor_high,plus,4.0,2014,36.62,36.05,-0.57,0.57
naep_g8_composite,1,Education,1,anchor_high,plus,4.0,2015,36.78,36.28,-0.5,0.5
naep_g8_composite,1,Education,1,anchor_high,plus,4.0,2016,38.11,37.61,-0.5,0.5
naep_g8_composite,1,Education,1,anchor_high,plus,4.0,2017,37.96,37.49,-0.47,0.47
naep_g8_composite,1,Education,1,anchor_high,plus,4.0,2018,39.78,39.3,-0.48,0.48
naep_g8_composite,1,Education,1,anchor_high,plus,4.0,2019,42.06,41.62,-0.44,0.44
naep_g8_composite,1,Education,1,anchor_high,plus,4.0,2020,42.03,41.58,-0.45,0.45
naep_g8_composite,1,Education,1,anchor_high,plus,4.0,2021,42.36,41.92,-0.44,0.44
naep_g8_composite,1,Education,1,anchor_high,plus,4.0,2022,38.63,38.32,-0.31,0.31
naep_g8_composite,1,Education,1,anchor_high,plus,4.0,2023,42.06,41.75,-0.31,0.31
naep_g8_composite,1,Education,1,anchor_high,plus,4.0,2024,44.16,43.87,-0.29,0.29
naep_g8_composite,1,Education,1,anchor_high,minus,-4.0,2010,35.45,36.07,0.62,0.62
naep_g8_composite,1,Education,1,anchor_high,minus,-4.0,2011,35.42,36.07,0.65,0.65
naep_g8_composite,1,Education,1,anchor_high,minus,-4.0,2012,36.95,37.6,0.65,0.65
naep_g8_composite,1,Education,1,anchor_high,minus,-4.0,2013,35.54,36.23,0.69,0.69
naep_g8_composite,1,Education,1,anchor_high,minus,-4.0,2014,36.62,37.32,0.7,0.7
naep_g8_composite,1,Education,1,anchor_high,minus,-4.0,2015,36.78,37.39,0.61,0.61
naep_g8_composite,1,Education,1,anchor_high,minus,-4.0,2016,38.11,38.72,0.61,0.61
naep_g8_composite,1,Education,1,anchor_high,minus,-4.0,2017,37.96,38.55,0.59,0.59
naep_g8_composite,1,Education,1,anchor_high,minus,-4.0,2018,39.78,40.36,0.58,0.58
naep_g8_composite,1,Education,1,anchor_high,minus,-4.0,2019,42.06,42.6,0.54,0.54
naep_g8_composite,1,Education,1,anchor_high,minus,-4.0,2020,42.03,42.57,0.54,0.54
naep_g8_composite,1,Education,1,anchor_high,minus,-4.0,2021,42.36,42.9,0.54,0.54
naep_g8_composite,1,Education,1,anchor_high,minus,-4.0,2022,38.63,39.0,0.37,0.37
naep_g8_composite,1,Education,1,anchor_high,minus,-4.0,2023,42.06,42.43,0.37,0.37
naep_g8_composite,1,Education,1,anchor_high,minus,-4.0,2024,44.16,44.52,0.36,0.36
bachelors_attainment_25plus,2,Education,1,anchor_low,plus,2.5,2010,35.45,34.7,-0.75,0.75
bachelors_attainment_25plus,2,Education,1,anchor_low,plus,2.5,2011,35.42,34.68,-0.74,0.74
bachelors_attainment_25plus,2,Education,1,anchor_low,plus,2.5,2012,36.95,36.24,-0.71,0.71
bachelors_attainment_25plus,2,Education,1,anchor_low,plus,2.5,2013,35.54,34.85,-0.69,0.69
bachelors_attainment_25plus,2,Education,1,anchor_low,plus,2.5,2014,36.62,35.96,-0.66,0.66
bachelors_attainment_25plus,2,Education,1,anchor_low,plus,2.5,2015,36.78,36.14,-0.64,0.64
bachelors_attainment_25plus,2,Education,1,anchor_low,plus,2.5,2016,38.11,37.5,-0.61,0.61
bachelors_attainment_25plus,2,Education,1,anchor_low,plus,2.5,2017,37.96,37.39,-0.57,0.57
bachelors_attainment_25plus,2,Education,1,anchor_low,plus,2.5,2018,39.78,39.23,-0.55,0.55
bachelors_attainment_25plus,2,Education,1,anchor_low,plus,2.5,2019,42.06,41.53,-0.53,0.53
bachelors_attainment_25plus,2,Education,1,anchor_low,plus,2.5,2020,42.03,41.5,-0.53,0.53
bachelors_attainment_25plus,2,Education,1,anchor_low,plus,2.5,2021,42.36,41.82,-0.54,0.54
bachelors_attainment_25plus,2,Education,1,anchor_low,plus,2.5,2022,38.63,38.12,-0.51,0.51
bachelors_attainment_25plus,2,Education,1,anchor_low,plus,2.5,2023,42.06,41.61,-0.45,0.45
bachelors_attainment_25plus,2,Education,1,anchor_low,plus,2.5,2024,44.16,43.73,-0.43,0.43
bachelors_attainment_25plus,2,Education,1,anchor_low,minus,-2.5,2010,35.45,36.06,0.61,0.61
bachelors_attainment_25plus,2,Education,1,anchor_low,minus,-2.5,2011,35.42,36.02,0.6,0.6
bachelors_attainment_25plus,2,Education,1,anchor_low,minus,-2.5,2012,36.95,37.52,0.57,0.57
bachelors_attainment_25plus,2,Education,1,anchor_low,minus,-2.5,2013,35.54,36.1,0.56,0.56
bachelors_attainment_25plus,2,Education,1,anchor_low,minus,-2.5,2014,36.62,37.16,0.54,0.54
bachelors_attainment_25plus,2,Education,1,anchor_low,minus,-2.5,2015,36.78,37.3,0.52,0.52
bachelors_attainment_25plus,2,Education,1,anchor_low,minus,-2.5,2016,38.11,38.61,0.5,0.5
bachelors_attainment_25plus,2,Education,1,anchor_low,minus,-2.5,2017,37.96,38.44,0.48,0.48
bachelors_attainment_25plus,2,Education,1,anchor_low,minus,-2.5,2018,39.78,40.23,0.45,0.45
bachelors_attainment_25plus,2,Education,1,anchor_low,minus,-2.5,2019,42.06,42.49,0.43,0.43
bachelors_attainment_25plus,2,Education,1,anchor_low,minus,-2.5,2020,42.03,42.46,0.43,0.43
bachelors_attainment_25plus,2,Education,1,anchor_low,minus,-2.5,2021,42.36,42.8,0.44,0.44
bachelors_attainment_25plus,2,Education,1,anchor_low,minus,-2.5,2022,38.63,39.04,0.41,0.41
bachelors_attainment_25plus,2,Education,1,anchor_low,minus,-2.5,2023,42.06,42.42,0.36,0.36
bachelors_attainment_25plus,2,Education,1,anchor_low,minus,-2.5,2024,44.16,44.51,0.35,0.35
bachelors_attainment_25plus,2,Education,1,anchor_high,plus,2.5,2010,35.45,35.15,-0.3,0.3
bachelors_attainment_25plus,2,Education,1,anchor_high,plus,2.5,2011,35.42,35.11,-0.31,0.31
bachelors_attainment_25plus,2,Education,1,anchor_high,plus,2.5,2012,36.95,36.61,-0.34,0.34
bachelors_attainment_25plus,2,Education,1,anchor_high,plus,2.5,2013,35.54,35.19,-0.35,0.35
bachelors_attainment_25plus,2,Education,1,anchor_high,plus,2.5,2014,36.62,36.25,-0.37,0.37
bachelors_attainment_25plus,2,Education,1,anchor_high,plus,2.5,2015,36.78,36.39,-0.39,0.39
bachelors_attainment_25plus,2,Education,1,anchor_high,plus,2.5,2016,38.11,37.7,-0.41,0.41
bachelors_attainment_25plus,2,Education,1,anchor_high,plus,2.5,2017,37.96,37.53,-0.43,0.43
bachelors_attainment_25plus,2,Education,1,anchor_high,plus,2.5,2018,39.78,39.32,-0.46,0.46
bachelors_attainment_25plus,2,Education,1,anchor_high,plus,2.5,2019,42.06,41.58,-0.48,0.48
bachelors_attainment_25plus,2,Education,1,anchor_high,plus,2.5,2020,42.03,41.55,-0.48,0.48
bachelors_attainment_25plus,2,Education,1,anchor_high,plus,2.5,2021,42.36,41.89,-0.47,0.47
bachelors_attainment_25plus,2,Education,1,anchor_high,plus,2.5,2022,38.63,38.13,-0.5,0.5
bachelors_attainment_25plus,2,Education,1,anchor_high,plus,2.5,2023,42.06,41.51,-0.55,0.55
bachelors_attainment_25plus,2,Education,1,anchor_high,plus,2.5,2024,44.16,43.6,-0.56,0.56
bachelors_attainment_25plus,2,Education,1,anchor_high,minus,-2.5,2010,35.45,35.81,0.36,0.36
bachelors_attainment_25plus,2,Education,1,anchor_high,minus,-2.5,2011,35.42,35.79,0.37,0.37
bachelors_attainment_25plus,2,Education,1,anchor_high,minus,-2.5,2012,36.95,37.35,0.4,0.4
bachelors_attainment_25plus,2,Education,1,anchor_high,minus,-2.5,2013,35.54,35.96,0.42,0.42
bachelors_attainment_25plus,2,Education,1,anchor_high,minus,-2.5,2014,36.62,37.07,0.45,0.45
bachelors_attainment_25plus,2,Education,1,anchor_high,minus,-2.5,2015,36.78,37.25,0.47,0.47
bachelors_attainment_25plus,2,Education,1,anchor_high,minus,-2.5,2016,38.11,38.61,0.5,0.5
bachelors_attainment_25plus,2,Education,1,anchor_high,minus,-2.5,2017,37.96,38.5,0.54,0.54
bachelors_attainment_25plus,2,Education,1,anchor_high,minus,-2.5,2018,39.78,40.34,0.56,0.56
bachelors_attainment_25plus,2,Education,1,anchor_high,minus,-2.5,2019,42.06,42.64,0.58,0.58
bachelors_attainment_25plus,2,Education,1,anchor_high,minus,-2.5,2020,42.03,42.61,0.58,0.58
bachelors_attainment_25plus,2,Education,1,anchor_high,minus,-2.5,2021,42.36,42.93,0.57,0.57
bachelors_attainment_25plus,2,Education,1,anchor_high,minus,-2.5,2022,38.63,39.23,0.6,0.6
bachelors_attainment_25plus,2,Education,1,anchor_high,minus,-2.5,2023,42.06,42.73,0.67,0.67
bachelors_attainment_25plus,2,Education,1,anchor_high,minus,-2.5,2024,44.16,44.85,0.69,0.69
life_expectancy_at_birth,3,Health,1,anchor_low,plus,1.0,2010,35.45,34.86,-0.59,0.59
life_expectancy_at_birth,3,Health,1,anchor_low,plus,1.0,2011,35.42,34.83,-0.59,0.59
life_expectancy_at_birth,3,Health,1,anchor_low,plus,1.0,2012,36.95,36.95,0.0,0.0
life_expectancy_at_birth,3,Health,1,anchor_low,plus,1.0,2013,35.54,34.96,-0.58,0.58
life_expectancy_at_birth,3,Health,1,anchor_low,plus,1.0,2014,36.62,36.05,-0.57,0.57
life_expectancy_at_birth,3,Health,1,anchor_low,plus,1.0,2015,36.78,36.19,-0.59,0.59
life_expectancy_at_birth,3,Health,1,anchor_low,plus,1.0,2016,38.11,37.51,-0.6,0.6
life_expectancy_at_birth,3,Health,1,anchor_low,plus,1.0,2017,37.96,37.36,-0.6,0.6
life_expectancy_at_birth,3,Health,1,anchor_low,plus,1.0,2018,39.78,39.19,-0.59,0.59
life_expectancy_at_birth,3,Health,1,anchor_low,plus,1.0,2019,42.06,41.48,-0.58,0.58
life_expectancy_at_birth,3,Health,1,anchor_low,plus,1.0,2020,42.03,41.25,-0.78,0.78
life_expectancy_at_birth,3,Health,1,anchor_low,plus,1.0,2021,42.36,41.51,-0.85,0.85
life_expectancy_at_birth,3,Health,1,anchor_low,plus,1.0,2022,38.63,37.9,-0.73,0.73
life_expectancy_at_birth,3,Health,1,anchor_low,plus,1.0,2023,42.06,41.44,-0.62,0.62
life_expectancy_at_birth,3,Health,1,anchor_low,plus,1.0,2024,44.16,43.54,-0.62,0.62
life_expectancy_at_birth,3,Health,1,anchor_low,minus,-1.0,2010,35.45,35.93,0.48,0.48
life_expectancy_at_birth,3,Health,1,anchor_low,minus,-1.0,2011,35.42,35.9,0.48,0.48
life_expectancy_at_birth,3,Health,1,anchor_low,minus,-1.0,2012,36.95,36.95,0.0,0.0
life_expectancy_at_birth,3,Health,1,anchor_low,minus,-1.0,2013,35.54,36.01,0.47,0.47
life_expectancy_at_birth,3,Health,1,anchor_low,minus,-1.0,2014,36.62,37.08,0.46,0.46
life_expectancy_at_birth,3,Health,1,anchor_low,minus,-1.0,2015,36.78,37.26,0.48,0.48
life_expectancy_at_birth,3,Health,1,anchor_low,minus,-1.0,2016,38.11,38.6,0.49,0.49
life_expectancy_at_birth,3,Health,1,anchor_low,minus,-1.0,2017,37.96,38.45,0.49,0.49
life_expectancy_at_birth,3,Health,1,anchor_low,minus,-1.0,2018,39.78,40.26,0.48,0.48
life_expectancy_at_birth,3,Health,1,anchor_low,minus,-1.0,2019,42.06,42.53,0.47,0.47
life_expectancy_at_birth,3,Health,1,anchor_low,minus,-1.0,2020,42.03,42.66,0.63,0.63
life_expectancy_at_birth,3,Health,1,anchor_low,minus,-1.0,2021,42.36,43.05,0.69,0.69
life_expectancy_at_birth,3,Health,1,anchor_low,minus,-1.0,2022,38.63,39.22,0.59,0.59
life_expectancy_at_birth,3,Health,1,anchor_low,minus,-1.0,2023,42.06,42.57,0.51,0.51
life_expectancy_at_birth,3,Health,1,anchor_low,minus,-1.0,2024,44.16,44.67,0.51,0.51
life_expectancy_at_birth,3,Health,1,anchor_high,plus,1.0,2010,35.45,35.02,-0.43,0.43
life_expectancy_at_birth,3,Health,1,anchor_high,plus,1.0,2011,35.42,34.99,-0.43,0.43
life_expectancy_at_birth,3,Health,1,anchor_high,plus,1.0,2012,36.95,36.95,0.0,0.0
life_expectancy_at_birth,3,Health,1,anchor_high,plus,1.0,2013,35.54,35.1,-0.44,0.44
life_expectancy_at_birth,3,Health,1,anchor_high,plus,1.0,2014,36.62,36.18,-0.44,0.44
life_expectancy_at_birth,3,Health,1,anchor_high,plus,1.0,2015,36.78,36.35,-0.43,0.43
life_expectancy_at_birth,3,Health,1,anchor_high,plus,1.0,2016,38.11,37.69,-0.42,0.42
life_expectancy_at_birth,3,Health,1,anchor_high,plus,1.0,2017,37.96,37.55,-0.41,0.41
life_expectancy_at_birth,3,Health,1,anchor_high,plus,1.0,2018,39.78,39.35,-0.43,0.43
life_expectancy_at_birth,3,Health,1,anchor_high,plus,1.0,2019,42.06,41.62,-0.44,0.44
life_expectancy_at_birth,3,Health,1,anchor_high,plus,1.0,2020,42.03,41.75,-0.28,0.28
life_expectancy_at_birth,3,Health,1,anchor_high,plus,1.0,2021,42.36,42.14,-0.22,0.22
life_expectancy_at_birth,3,Health,1,anchor_high,plus,1.0,2022,38.63,38.31,-0.32,0.32
life_expectancy_at_birth,3,Health,1,anchor_high,plus,1.0,2023,42.06,41.66,-0.4,0.4
life_expectancy_at_birth,3,Health,1,anchor_high,plus,1.0,2024,44.16,43.76,-0.4,0.4
life_expectancy_at_birth,3,Health,1,anchor_high,minus,-1.0,2010,35.45,35.97,0.52,0.52
life_expectancy_at_birth,3,Health,1,anchor_high,minus,-1.0,2011,35.42,35.94,0.52,0.52
life_expectancy_at_birth,3,Health,1,anchor_high,minus,-1.0,2012,36.95,36.95,0.0,0.0
life_expectancy_at_birth,3,Health,1,anchor_high,minus,-1.0,2013,35.54,36.07,0.53,0.53
life_expectancy_at_birth,3,Health,1,anchor_high,minus,-1.0,2014,36.62,37.17,0.55,0.55
life_expectancy_at_birth,3,Health,1,anchor_high,minus,-1.0,2015,36.78,37.3,0.52,0.52
life_expectancy_at_birth,3,Health,1,anchor_high,minus,-1.0,2016,38.11,38.62,0.51,0.51
life_expectancy_at_birth,3,Health,1,anchor_high,minus,-1.0,2017,37.96,38.48,0.52,0.52
life_expectancy_at_birth,3,Health,1,anchor_high,minus,-1.0,2018,39.78,40.3,0.52,0.52
life_expectancy_at_birth,3,Health,1,anchor_high,minus,-1.0,2019,42.06,42.59,0.53,0.53
life_expectancy_at_birth,3,Health,1,anchor_high,minus,-1.0,2020,42.03,42.36,0.33,0.33
life_expectancy_at_birth,3,Health,1,anchor_high,minus,-1.0,2021,42.36,42.63,0.27,0.27
life_expectancy_at_birth,3,Health,1,anchor_high,minus,-1.0,2022,38.63,39.01,0.38,0.38
life_expectancy_at_birth,3,Health,1,anchor_high,minus,-1.0,2023,42.06,42.55,0.49,0.49
life_expectancy_at_birth,3,Health,1,anchor_high,minus,-1.0,2024,44.16,44.65,0.49,0.49
overdose_mortality_age_adjusted,4,Health,-1,anchor_low,plus,3.1,2010,35.45,36.26,0.81,0.81
overdose_mortality_age_adjusted,4,Health,-1,anchor_low,plus,3.1,2011,35.42,36.2,0.78,0.78
overdose_mortality_age_adjusted,4,Health,-1,anchor_low,plus,3.1,2012,36.95,38.52,1.57,1.57
overdose_mortality_age_adjusted,4,Health,-1,anchor_low,plus,3.1,2013,35.54,36.3,0.76,0.76
overdose_mortality_age_adjusted,4,Health,-1,anchor_low,plus,3.1,2014,36.62,37.35,0.73,0.73
overdose_mortality_age_adjusted,4,Health,-1,anchor_low,plus,3.1,2015,36.78,37.45,0.67,0.67
overdose_mortality_age_adjusted,4,Health,-1,anchor_low,plus,3.1,2016,38.11,38.65,0.54,0.54
overdose_mortality_age_adjusted,4,Health,-1,anchor_low,plus,3.1,2017,37.96,38.44,0.48,0.48
overdose_mortality_age_adjusted,4,Health,-1,anchor_low,plus,3.1,2018,39.78,40.29,0.51,0.51
overdose_mortality_age_adjusted,4,Health,-1,anchor_low,plus,3.1,2019,42.06,42.54,0.48,0.48
overdose_mortality_age_adjusted,4,Health,-1,anchor_low,plus,3.1,2020,42.03,42.27,0.24,0.24
overdose_mortality_age_adjusted,4,Health,-1,anchor_low,plus,3.1,2021,42.36,42.45,0.09,0.09
overdose_mortality_age_adjusted,4,Health,-1,anchor_low,plus,3.1,2022,38.63,38.71,0.08,0.08
overdose_mortality_age_adjusted,4,Health,-1,anchor_low,plus,3.1,2023,42.06,42.19,0.13,0.13
overdose_mortality_age_adjusted,4,Health,-1,anchor_low,plus,3.1,2024,44.16,44.57,0.41,0.41
overdose_mortality_age_adjusted,4,Health,-1,anchor_low,minus,-3.1,2010,35.45,34.78,-0.67,0.67
overdose_mortality_age_adjusted,4,Health,-1,anchor_low,minus,-3.1,2011,35.42,34.78,-0.64,0.64
overdose_mortality_age_adjusted,4,Health,-1,anchor_low,minus,-3.1,2012,36.95,35.66,-1.29,1.29
overdose_mortality_age_adjusted,4,Health,-1,anchor_low,minus,-3.1,2013,35.54,34.91,-0.63,0.63
overdose_mortality_age_adjusted,4,Health,-1,anchor_low,minus,-3.1,2014,36.62,36.03,-0.59,0.59
overdose_mortality_age_adjusted,4,Health,-1,anchor_low,minus,-3.1,2015,36.78,36.23,-0.55,0.55
overdose_mortality_age_adjusted,4,Health,-1,anchor_low,minus,-3.1,2016,38.11,37.66,-0.45,0.45
overdose_mortality_age_adjusted,4,Health,-1,anchor_low,minus,-3.1,2017,37.96,37.57,-0.39,0.39
overdose_mortality_age_adjusted,4,Health,-1,anchor_low,minus,-3.1,2018,39.78,39.36,-0.42,0.42
overdose_mortality_age_adjusted,4,Health,-1,anchor_low,minus,-3.1,2019,42.06,41.67,-0.39,0.39
overdose_mortality_age_adjusted,4,Health,-1,anchor_low,minus,-3.1,2020,42.03,41.83,-0.2,0.2
overdose_mortality_age_adjusted,4,Health,-1,anchor_low,minus,-3.1,2021,42.36,42.28,-0.08,0.08
overdose_mortality_age_adjusted,4,Health,-1,anchor_low,minus,-3.1,2022,38.63,38.56,-0.07,0.07
overdose_mortality_age_adjusted,4,Health,-1,anchor_low,minus,-3.1,2023,42.06,41.95,-0.11,0.11
overdose_mortality_age_adjusted,4,Health,-1,anchor_low,minus,-3.1,2024,44.16,43.83,-0.33,0.33
overdose_mortality_age_adjusted,4,Health,-1,anchor_high,plus,3.1,2010,35.45,35.69,0.24,0.24
overdose_mortality_age_adjusted,4,Health,-1,anchor_high,plus,3.1,2011,35.42,35.69,0.27,0.27
overdose_mortality_age_adjusted,4,Health,-1,anchor_high,plus,3.1,2012,36.95,37.48,0.53,0.53
overdose_mortality_age_adjusted,4,Health,-1,anchor_high,plus,3.1,2013,35.54,35.82,0.28,0.28
overdose_mortality_age_adjusted,4,Health,-1,anchor_high,plus,3.1,2014,36.62,36.93,0.31,0.31
overdose_mortality_age_adjusted,4,Health,-1,anchor_high,plus,3.1,2015,36.78,37.14,0.36,0.36
overdose_mortality_age_adjusted,4,Health,-1,anchor_high,plus,3.1,2016,38.11,38.57,0.46,0.46
overdose_mortality_age_adjusted,4,Health,-1,anchor_high,plus,3.1,2017,37.96,38.48,0.52,0.52
overdose_mortality_age_adjusted,4,Health,-1,anchor_high,plus,3.1,2018,39.78,40.27,0.49,0.49
overdose_mortality_age_adjusted,4,Health,-1,anchor_high,plus,3.1,2019,42.06,42.58,0.52,0.52
overdose_mortality_age_adjusted,4,Health,-1,anchor_high,plus,3.1,2020,42.03,42.74,0.71,0.71
overdose_mortality_age_adjusted,4,Health,-1,anchor_high,plus,3.1,2021,42.36,43.19,0.83,0.83
overdose_mortality_age_adjusted,4,Health,-1,anchor_high,plus,3.1,2022,38.63,39.46,0.83,0.83
overdose_mortality_age_adjusted,4,Health,-1,anchor_high,plus,3.1,2023,42.06,42.86,0.8,0.8
overdose_mortality_age_adjusted,4,Health,-1,anchor_high,plus,3.1,2024,44.16,44.74,0.58,0.58
overdose_mortality_age_adjusted,4,Health,-1,anchor_high,minus,-3.1,2010,35.45,35.15,-0.3,0.3
overdose_mortality_age_adjusted,4,Health,-1,anchor_high,minus,-3.1,2011,35.42,35.09,-0.33,0.33
overdose_mortality_age_adjusted,4,Health,-1,anchor_high,minus,-3.1,2012,36.95,36.29,-0.66,0.66
overdose_mortality_age_adjusted,4,Health,-1,anchor_high,minus,-3.1,2013,35.54,35.18,-0.36,0.36
overdose_mortality_age_adjusted,4,Health,-1,anchor_high,minus,-3.1,2014,36.62,36.24,-0.38,0.38
overdose_mortality_age_adjusted,4,Health,-1,anchor_high,minus,-3.1,2015,36.78,36.34,-0.44,0.44
overdose_mortality_age_adjusted,4,Health,-1,anchor_high,minus,-3.1,2016,38.11,37.54,-0.57,0.57
overdose_mortality_age_adjusted,4,Health,-1,anchor_high,minus,-3.1,2017,37.96,37.33,-0.63,0.63
overdose_mortality_age_adjusted,4,Health,-1,anchor_high,minus,-3.1,2018,39.78,39.18,-0.6,0.6
overdose_mortality_age_adjusted,4,Health,-1,anchor_high,minus,-3.1,2019,42.06,41.43,-0.63,0.63
overdose_mortality_age_adjusted,4,Health,-1,anchor_high,minus,-3.1,2020,42.03,41.15,-0.88,0.88
overdose_mortality_age_adjusted,4,Health,-1,anchor_high,minus,-3.1,2021,42.36,41.52,-0.84,0.84
overdose_mortality_age_adjusted,4,Health,-1,anchor_high,minus,-3.1,2022,38.63,37.85,-0.78,0.78
overdose_mortality_age_adjusted,4,Health,-1,anchor_high,minus,-3.1,2023,42.06,41.08,-0.98,0.98
overdose_mortality_age_adjusted,4,Health,-1,anchor_high,minus,-3.1,2024,44.16,43.46,-0.7,0.7
real_median_household_income,5,Prosperity,1,anchor_low,plus,3500.0,2010,35.45,34.99,-0.46,0.46
real_median_household_income,5,Prosperity,1,anchor_low,plus,3500.0,2011,35.42,34.96,-0.46,0.46
real_median_household_income,5,Prosperity,1,anchor_low,plus,3500.0,2012,36.95,36.95,0.0,0.0
real_median_household_income,5,Prosperity,1,anchor_low,plus,3500.0,2013,35.54,35.09,-0.45,0.45
real_median_household_income,5,Prosperity,1,anchor_low,plus,3500.0,2014,36.62,36.19,-0.43,0.43
real_median_household_income,5,Prosperity,1,anchor_low,plus,3500.0,2015,36.78,36.41,-0.37,0.37
real_median_household_income,5,Prosperity,1,anchor_low,plus,3500.0,2016,38.11,37.77,-0.34,0.34
real_median_household_income,5,Prosperity,1,anchor_low,plus,3500.0,2017,37.96,37.65,-0.31,0.31
real_median_household_income,5,Prosperity,1,anchor_low,plus,3500.0,2018,39.78,39.48,-0.3,0.3
real_median_household_income,5,Prosperity,1,anchor_low,plus,3500.0,2019,42.06,41.87,-0.19,0.19
real_median_household_income,5,Prosperity,1,anchor_low,plus,3500.0,2020,42.03,41.8,-0.23,0.23
real_median_household_income,5,Prosperity,1,anchor_low,plus,3500.0,2021,42.36,42.07,-0.29,0.29
real_median_household_income,5,Prosperity,1,anchor_low,plus,3500.0,2022,38.63,38.3,-0.33,0.33
real_median_household_income,5,Prosperity,1,anchor_low,plus,3500.0,2023,42.06,41.86,-0.2,0.2
real_median_household_income,5,Prosperity,1,anchor_low,plus,3500.0,2024,44.16,44.03,-0.13,0.13
real_median_household_income,5,Prosperity,1,anchor_low,minus,-3500.0,2010,35.45,35.82,0.37,0.37
real_median_household_income,5,Prosperity,1,anchor_low,minus,-3500.0,2011,35.42,35.79,0.37,0.37
real_median_household_income,5,Prosperity,1,anchor_low,minus,-3500.0,2012,36.95,36.95,0.0,0.0
real_median_household_income,5,Prosperity,1,anchor_low,minus,-3500.0,2013,35.54,35.9,0.36,0.36
real_median_household_income,5,Prosperity,1,anchor_low,minus,-3500.0,2014,36.62,36.98,0.36,0.36
real_median_household_income,5,Prosperity,1,anchor_low,minus,-3500.0,2015,36.78,37.08,0.3,0.3
real_median_household_income,5,Prosperity,1,anchor_low,minus,-3500.0,2016,38.11,38.38,0.27,0.27
real_median_household_income,5,Prosperity,1,anchor_low,minus,-3500.0,2017,37.96,38.22,0.26,0.26
real_median_household_income,5,Prosperity,1,anchor_low,minus,-3500.0,2018,39.78,40.02,0.24,0.24
real_median_household_income,5,Prosperity,1,anchor_low,minus,-3500.0,2019,42.06,42.21,0.15,0.15
real_median_household_income,5,Prosperity,1,anchor_low,minus,-3500.0,2020,42.03,42.21,0.18,0.18
real_median_household_income,5,Prosperity,1,anchor_low,minus,-3500.0,2021,42.36,42.6,0.24,0.24
real_median_household_income,5,Prosperity,1,anchor_low,minus,-3500.0,2022,38.63,38.89,0.26,0.26
real_median_household_income,5,Prosperity,1,anchor_low,minus,-3500.0,2023,42.06,42.22,0.16,0.16
real_median_household_income,5,Prosperity,1,anchor_low,minus,-3500.0,2024,44.16,44.27,0.11,0.11
real_median_household_income,5,Prosperity,1,anchor_high,plus,3500.0,2010,35.45,35.21,-0.24,0.24
real_median_household_income,5,Prosperity,1,anchor_high,plus,3500.0,2011,35.42,35.18,-0.24,0.24
real_median_household_income,5,Prosperity,1,anchor_high,plus,3500.0,2012,36.95,36.95,0.0,0.0
real_median_household_income,5,Prosperity,1,anchor_high,plus,3500.0,2013,35.54,35.29,-0.25,0.25
real_median_household_income,5,Prosperity,1,anchor_high,plus,3500.0,2014,36.62,36.37,-0.25,0.25
real_median_household_income,5,Prosperity,1,anchor_high,plus,3500.0,2015,36.78,36.48,-0.3,0.3
real_median_household_income,5,Prosperity,1,anchor_high,plus,3500.0,2016,38.11,37.78,-0.33,0.33
real_median_household_income,5,Prosperity,1,anchor_high,plus,3500.0,2017,37.96,37.62,-0.34,0.34
real_median_household_income,5,Prosperity,1,anchor_high,plus,3500.0,2018,39.78,39.42,-0.36,0.36
real_median_household_income,5,Prosperity,1,anchor_high,plus,3500.0,2019,42.06,41.61,-0.45,0.45
real_median_household_income,5,Prosperity,1,anchor_high,plus,3500.0,2020,42.03,41.6,-0.43,0.43
real_median_household_income,5,Prosperity,1,anchor_high,plus,3500.0,2021,42.36,41.99,-0.37,0.37
real_median_household_income,5,Prosperity,1,anchor_high,plus,3500.0,2022,38.63,38.29,-0.34,0.34
real_median_household_income,5,Prosperity,1,anchor_high,plus,3500.0,2023,42.06,41.62,-0.44,0.44
real_median_household_income,5,Prosperity,1,anchor_high,plus,3500.0,2024,44.16,43.66,-0.5,0.5
real_median_household_income,5,Prosperity,1,anchor_high,minus,-3500.0,2010,35.45,35.73,0.28,0.28
real_median_household_income,5,Prosperity,1,anchor_high,minus,-3500.0,2011,35.42,35.7,0.28,0.28
real_median_household_income,5,Prosperity,1,anchor_high,minus,-3500.0,2012,36.95,36.95,0.0,0.0
real_median_household_income,5,Prosperity,1,anchor_high,minus,-3500.0,2013,35.54,35.83,0.29,0.29
real_median_household_income,5,Prosperity,1,anchor_high,minus,-3500.0,2014,36.62,36.93,0.31,0.31
real_median_household_income,5,Prosperity,1,anchor_high,minus,-3500.0,2015,36.78,37.15,0.37,0.37
real_median_household_income,5,Prosperity,1,anchor_high,minus,-3500.0,2016,38.11,38.51,0.4,0.4
real_median_household_income,5,Prosperity,1,anchor_high,minus,-3500.0,2017,37.96,38.39,0.43,0.43
real_median_household_income,5,Prosperity,1,anchor_high,minus,-3500.0,2018,39.78,40.22,0.44,0.44
real_median_household_income,5,Prosperity,1,anchor_high,minus,-3500.0,2019,42.06,42.62,0.56,0.56
real_median_household_income,5,Prosperity,1,anchor_high,minus,-3500.0,2020,42.03,42.54,0.51,0.51
real_median_household_income,5,Prosperity,1,anchor_high,minus,-3500.0,2021,42.36,42.81,0.45,0.45
real_median_household_income,5,Prosperity,1,anchor_high,minus,-3500.0,2022,38.63,39.04,0.41,0.41
real_median_household_income,5,Prosperity,1,anchor_high,minus,-3500.0,2023,42.06,42.6,0.54,0.54
real_median_household_income,5,Prosperity,1,anchor_high,minus,-3500.0,2024,44.16,44.77,0.61,0.61
supplemental_poverty_rate,6,Prosperity,-1,anchor_low,plus,1.2,2010,35.45,35.57,0.12,0.12
supplemental_poverty_rate,6,Prosperity,-1,anchor_low,plus,1.2,2011,35.42,35.53,0.11,0.11
supplemental_poverty_rate,6,Prosperity,-1,anchor_low,plus,1.2,2012,36.95,37.13,0.18,0.18
supplemental_poverty_rate,6,Prosperity,-1,anchor_low,plus,1.2,2013,35.54,35.69,0.15,0.15
supplemental_poverty_rate,6,Prosperity,-1,anchor_low,plus,1.2,2014,36.62,36.79,0.17,0.17
supplemental_poverty_rate,6,Prosperity,-1,anchor_low,plus,1.2,2015,36.78,36.99,0.21,0.21
supplemental_poverty_rate,6,Prosperity,-1,anchor_low,plus,1.2,2016,38.11,38.36,0.25,0.25
supplemental_poverty_rate,6,Prosperity,-1,anchor_low,plus,1.2,2017,37.96,38.22,0.26,0.26
supplemental_poverty_rate,6,Prosperity,-1,anchor_low,plus,1.2,2018,39.78,40.08,0.3,0.3
supplemental_poverty_rate,6,Prosperity,-1,anchor_low,plus,1.2,2019,42.06,42.45,0.39,0.39
supplemental_poverty_rate,6,Prosperity,-1,anchor_low,plus,1.2,2020,42.03,42.57,0.54,0.54
supplemental_poverty_rate,6,Prosperity,-1,anchor_low,plus,1.2,2021,42.36,42.99,0.63,0.63
supplemental_poverty_rate,6,Prosperity,-1,anchor_low,plus,1.2,2022,38.63,38.97,0.34,0.34
supplemental_poverty_rate,6,Prosperity,-1,anchor_low,plus,1.2,2023,42.06,42.37,0.31,0.31
supplemental_poverty_rate,6,Prosperity,-1,anchor_low,plus,1.2,2024,44.16,44.48,0.32,0.32
supplemental_poverty_rate,6,Prosperity,-1,anchor_low,minus,-1.2,2010,35.45,35.34,-0.11,0.11
supplemental_poverty_rate,6,Prosperity,-1,anchor_low,minus,-1.2,2011,35.42,35.32,-0.1,0.1
supplemental_poverty_rate,6,Prosperity,-1,anchor_low,minus,-1.2,2012,36.95,36.79,-0.16,0.16
supplemental_poverty_rate,6,Prosperity,-1,anchor_low,minus,-1.2,2013,35.54,35.41,-0.13,0.13
supplemental_poverty_rate,6,Prosperity,-1,anchor_low,minus,-1.2,2014,36.62,36.48,-0.14,0.14
supplemental_poverty_rate,6,Prosperity,-1,anchor_low,minus,-1.2,2015,36.78,36.6,-0.18,0.18
supplemental_poverty_rate,6,Prosperity,-1,anchor_low,minus,-1.2,2016,38.11,37.9,-0.21,0.21
supplemental_poverty_rate,6,Prosperity,-1,anchor_low,minus,-1.2,2017,37.96,37.76,-0.2,0.2
supplemental_poverty_rate,6,Prosperity,-1,anchor_low,minus,-1.2,2018,39.78,39.53,-0.25,0.25
supplemental_poverty_rate,6,Prosperity,-1,anchor_low,minus,-1.2,2019,42.06,41.74,-0.32,0.32
supplemental_poverty_rate,6,Prosperity,-1,anchor_low,minus,-1.2,2020,42.03,41.58,-0.45,0.45
supplemental_poverty_rate,6,Prosperity,-1,anchor_low,minus,-1.2,2021,42.36,41.84,-0.52,0.52
supplemental_poverty_rate,6,Prosperity,-1,anchor_low,minus,-1.2,2022,38.63,38.34,-0.29,0.29
supplemental_poverty_rate,6,Prosperity,-1,anchor_low,minus,-1.2,2023,42.06,41.8,-0.26,0.26
supplemental_poverty_rate,6,Prosperity,-1,anchor_low,minus,-1.2,2024,44.16,43.9,-0.26,0.26
supplemental_poverty_rate,6,Prosperity,-1,anchor_high,plus,1.2,2010,35.45,35.95,0.5,0.5
supplemental_poverty_rate,6,Prosperity,-1,anchor_high,plus,1.2,2011,35.42,35.93,0.51,0.51
supplemental_poverty_rate,6,Prosperity,-1,anchor_high,plus,1.2,2012,36.95,37.7,0.75,0.75
supplemental_poverty_rate,6,Prosperity,-1,anchor_high,plus,1.2,2013,35.54,36.02,0.48,0.48
supplemental_poverty_rate,6,Prosperity,-1,anchor_high,plus,1.2,2014,36.62,37.09,0.47,0.47
supplemental_poverty_rate,6,Prosperity,-1,anchor_high,plus,1.2,2015,36.78,37.21,0.43,0.43
supplemental_poverty_rate,6,Prosperity,-1,anchor_high,plus,1.2,2016,38.11,38.51,0.4,0.4
supplemental_poverty_rate,6,Prosperity,-1,anchor_high,plus,1.2,2017,37.96,38.36,0.4,0.4
supplemental_poverty_rate,6,Prosperity,-1,anchor_high,plus,1.2,2018,39.78,40.14,0.36,0.36
supplemental_poverty_rate,6,Prosperity,-1,anchor_high,plus,1.2,2019,42.06,42.35,0.29,0.29
supplemental_poverty_rate,6,Prosperity,-1,anchor_high,plus,1.2,2020,42.03,42.19,0.16,0.16
supplemental_poverty_rate,6,Prosperity,-1,anchor_high,plus,1.2,2021,42.36,42.45,0.09,0.09
supplemental_poverty_rate,6,Prosperity,-1,anchor_high,plus,1.2,2022,38.63,38.95,0.32,0.32
supplemental_poverty_rate,6,Prosperity,-1,anchor_high,plus,1.2,2023,42.06,42.41,0.35,0.35
supplemental_poverty_rate,6,Prosperity,-1,anchor_high,plus,1.2,2024,44.16,44.51,0.35,0.35
supplemental_poverty_rate,6,Prosperity,-1,anchor_high,minus,-1.2,2010,35.45,34.83,-0.62,0.62
supplemental_poverty_rate,6,Prosperity,-1,anchor_high,minus,-1.2,2011,35.42,34.79,-0.63,0.63
supplemental_poverty_rate,6,Prosperity,-1,anchor_high,minus,-1.2,2012,36.95,36.02,-0.93,0.93
supplemental_poverty_rate,6,Prosperity,-1,anchor_high,minus,-1.2,2013,35.54,34.95,-0.59,0.59
supplemental_poverty_rate,6,Prosperity,-1,anchor_high,minus,-1.2,2014,36.62,36.05,-0.57,0.57
supplemental_poverty_rate,6,Prosperity,-1,anchor_high,minus,-1.2,2015,36.78,36.25,-0.53,0.53
supplemental_poverty_rate,6,Prosperity,-1,anchor_high,minus,-1.2,2016,38.11,37.62,-0.49,0.49
supplemental_poverty_rate,6,Prosperity,-1,anchor_high,minus,-1.2,2017,37.96,37.48,-0.48,0.48
supplemental_poverty_rate,6,Prosperity,-1,anchor_high,minus,-1.2,2018,39.78,39.34,-0.44,0.44
supplemental_poverty_rate,6,Prosperity,-1,anchor_high,minus,-1.2,2019,42.06,41.71,-0.35,0.35
supplemental_poverty_rate,6,Prosperity,-1,anchor_high,minus,-1.2,2020,42.03,41.83,-0.2,0.2
supplemental_poverty_rate,6,Prosperity,-1,anchor_high,minus,-1.2,2021,42.36,42.25,-0.11,0.11
supplemental_poverty_rate,6,Prosperity,-1,anchor_high,minus,-1.2,2022,38.63,38.23,-0.4,0.4
supplemental_poverty_rate,6,Prosperity,-1,anchor_high,minus,-1.2,2023,42.06,41.63,-0.43,0.43
supplemental_poverty_rate,6,Prosperity,-1,anchor_high,minus,-1.2,2024,44.16,43.74,-0.42,0.42
prime_age_epop,7,Prosperity,1,anchor_low,plus,1.2,2010,35.45,35.0,-0.45,0.45
prime_age_epop,7,Prosperity,1,anchor_low,plus,1.2,2011,35.42,34.99,-0.43,0.43
prime_age_epop,7,Prosperity,1,anchor_low,plus,1.2,2012,36.95,36.36,-0.59,0.59
prime_age_epop,7,Prosperity,1,anchor_low,plus,1.2,2013,35.54,35.17,-0.37,0.37
prime_age_epop,7,Prosperity,1,anchor_low,plus,1.2,2014,36.62,36.29,-0.33,0.33
prime_age_epop,7,Prosperity,1,anchor_low,plus,1.2,2015,36.78,36.49,-0.29,0.29
prime_age_epop,7,Prosperity,1,anchor_low,plus,1.2,2016,38.11,37.86,-0.25,0.25
prime_age_epop,7,Prosperity,1,anchor_low,plus,1.2,2017,37.96,37.75,-0.21,0.21
prime_age_epop,7,Prosperity,1,anchor_low,plus,1.2,2018,39.78,39.61,-0.17,0.17
prime_age_epop,7,Prosperity,1,anchor_low,plus,1.2,2019,42.06,41.94,-0.12,0.12
prime_age_epop,7,Prosperity,1,anchor_low,plus,1.2,2020,42.03,41.65,-0.38,0.38
prime_age_epop,7,Prosperity,1,anchor_low,plus,1.2,2021,42.36,42.13,-0.23,0.23
prime_age_epop,7,Prosperity,1,anchor_low,plus,1.2,2022,38.63,38.5,-0.13,0.13
prime_age_epop,7,Prosperity,1,anchor_low,plus,1.2,2023,42.06,41.98,-0.08,0.08
prime_age_epop,7,Prosperity,1,anchor_low,plus,1.2,2024,44.16,44.09,-0.07,0.07
prime_age_epop,7,Prosperity,1,anchor_low,minus,-1.2,2010,35.45,35.81,0.36,0.36
prime_age_epop,7,Prosperity,1,anchor_low,minus,-1.2,2011,35.42,35.76,0.34,0.34
prime_age_epop,7,Prosperity,1,anchor_low,minus,-1.2,2012,36.95,37.42,0.47,0.47
prime_age_epop,7,Prosperity,1,anchor_low,minus,-1.2,2013,35.54,35.84,0.3,0.3
prime_age_epop,7,Prosperity,1,anchor_low,minus,-1.2,2014,36.62,36.89,0.27,0.27
prime_age_epop,7,Prosperity,1,anchor_low,minus,-1.2,2015,36.78,37.02,0.24,0.24
prime_age_epop,7,Prosperity,1,anchor_low,minus,-1.2,2016,38.11,38.31,0.2,0.2
prime_age_epop,7,Prosperity,1,anchor_low,minus,-1.2,2017,37.96,38.14,0.18,0.18
prime_age_epop,7,Prosperity,1,anchor_low,minus,-1.2,2018,39.78,39.91,0.13,0.13
prime_age_epop,7,Prosperity,1,anchor_low,minus,-1.2,2019,42.06,42.16,0.1,0.1
prime_age_epop,7,Prosperity,1,anchor_low,minus,-1.2,2020,42.03,42.33,0.3,0.3
prime_age_epop,7,Prosperity,1,anchor_low,minus,-1.2,2021,42.36,42.55,0.19,0.19
prime_age_epop,7,Prosperity,1,anchor_low,minus,-1.2,2022,38.63,38.73,0.1,0.1
prime_age_epop,7,Prosperity,1,anchor_low,minus,-1.2,2023,42.06,42.13,0.07,0.07
prime_age_epop,7,Prosperity,1,anchor_low,minus,-1.2,2024,44.16,44.22,0.06,0.06
prime_age_epop,7,Prosperity,1,anchor_high,plus,1.2,2010,35.45,35.2,-0.25,0.25
prime_age_epop,7,Prosperity,1,anchor_high,plus,1.2,2011,35.42,35.16,-0.26,0.26
prime_age_epop,7,Prosperity,1,anchor_high,plus,1.2,2012,36.95,36.51,-0.44,0.44
prime_age_epop,7,Prosperity,1,anchor_high,plus,1.2,2013,35.54,35.23,-0.31,0.31
prime_age_epop,7,Prosperity,1,anchor_high,plus,1.2,2014,36.62,36.28,-0.34,0.34
prime_age_epop,7,Prosperity,1,anchor_high,plus,1.2,2015,36.78,36.41,-0.37,0.37
prime_age_epop,7,Prosperity,1,anchor_high,plus,1.2,2016,38.11,37.7,-0.41,0.41
prime_age_epop,7,Prosperity,1,anchor_high,plus,1.2,2017,37.96,37.53,-0.43,0.43
prime_age_epop,7,Prosperity,1,anchor_high,plus,1.2,2018,39.78,39.31,-0.47,0.47
prime_age_epop,7,Prosperity,1,anchor_high,plus,1.2,2019,42.06,41.56,-0.5,0.5
prime_age_epop,7,Prosperity,1,anchor_high,plus,1.2,2020,42.03,41.73,-0.3,0.3
prime_age_epop,7,Prosperity,1,anchor_high,plus,1.2,2021,42.36,41.94,-0.42,0.42
prime_age_epop,7,Prosperity,1,anchor_high,plus,1.2,2022,38.63,38.12,-0.51,0.51
prime_age_epop,7,Prosperity,1,anchor_high,plus,1.2,2023,42.06,41.52,-0.54,0.54
prime_age_epop,7,Prosperity,1,anchor_high,plus,1.2,2024,44.16,43.61,-0.55,0.55
prime_age_epop,7,Prosperity,1,anchor_high,minus,-1.2,2010,35.45,35.74,0.29,0.29
prime_age_epop,7,Prosperity,1,anchor_high,minus,-1.2,2011,35.42,35.73,0.31,0.31
prime_age_epop,7,Prosperity,1,anchor_high,minus,-1.2,2012,36.95,37.47,0.52,0.52
prime_age_epop,7,Prosperity,1,anchor_high,minus,-1.2,2013,35.54,35.91,0.37,0.37
prime_age_epop,7,Prosperity,1,anchor_high,minus,-1.2,2014,36.62,37.03,0.41,0.41
prime_age_epop,7,Prosperity,1,anchor_high,minus,-1.2,2015,36.78,37.23,0.45,0.45
prime_age_epop,7,Prosperity,1,anchor_high,minus,-1.2,2016,38.11,38.6,0.49,0.49
prime_age_epop,7,Prosperity,1,anchor_high,minus,-1.2,2017,37.96,38.49,0.53,0.53
prime_age_epop,7,Prosperity,1,anchor_high,minus,-1.2,2018,39.78,40.35,0.57,0.57
prime_age_epop,7,Prosperity,1,anchor_high,minus,-1.2,2019,42.06,42.68,0.62,0.62
prime_age_epop,7,Prosperity,1,anchor_high,minus,-1.2,2020,42.03,42.39,0.36,0.36
prime_age_epop,7,Prosperity,1,anchor_high,minus,-1.2,2021,42.36,42.87,0.51,0.51
prime_age_epop,7,Prosperity,1,anchor_high,minus,-1.2,2022,38.63,39.24,0.61,0.61
prime_age_epop,7,Prosperity,1,anchor_high,minus,-1.2,2023,42.06,42.72,0.66,0.66
prime_age_epop,7,Prosperity,1,anchor_high,minus,-1.2,2024,44.16,44.77,0.61,0.61
gini_household_income,8,Opportunity,-1,anchor_low,plus,0.015,2010,35.45,35.78,0.33,0.33
gini_household_income,8,Opportunity,-1,anchor_low,plus,0.015,2011,35.42,35.73,0.31,0.31
gini_household_income,8,Opportunity,-1,anchor_low,plus,0.015,2012,36.95,37.21,0.26,0.26
gini_household_income,8,Opportunity,-1,anchor_low,plus,0.015,2013,35.54,35.75,0.21,0.21
gini_household_income,8,Opportunity,-1,anchor_low,plus,0.015,2014,36.62,36.84,0.22,0.22
gini_household_income,8,Opportunity,-1,anchor_low,plus,0.015,2015,36.78,37.01,0.23,0.23
gini_household_income,8,Opportunity,-1,anchor_low,plus,0.015,2016,38.11,38.32,0.21,0.21
gini_household_income,8,Opportunity,-1,anchor_low,plus,0.015,2017,37.96,38.17,0.21,0.21
gini_household_income,8,Opportunity,-1,anchor_low,plus,0.015,2018,39.78,39.94,0.16,0.16
gini_household_income,8,Opportunity,-1,anchor_low,plus,0.015,2019,42.06,42.24,0.18,0.18
gini_household_income,8,Opportunity,-1,anchor_low,plus,0.015,2020,42.03,42.2,0.17,0.17
gini_household_income,8,Opportunity,-1,anchor_low,plus,0.015,2021,42.36,42.58,0.22,0.22
gini_household_income,8,Opportunity,-1,anchor_low,plus,0.015,2022,38.63,38.76,0.13,0.13
gini_household_income,8,Opportunity,-1,anchor_low,plus,0.015,2023,42.06,42.27,0.21,0.21
gini_household_income,8,Opportunity,-1,anchor_low,plus,0.015,2024,44.16,44.37,0.21,0.21
gini_household_income,8,Opportunity,-1,anchor_low,minus,-0.015,2010,35.45,35.17,-0.28,0.28
gini_household_income,8,Opportunity,-1,anchor_low,minus,-0.015,2011,35.42,35.16,-0.26,0.26
gini_household_income,8,Opportunity,-1,anchor_low,minus,-0.015,2012,36.95,36.73,-0.22,0.22
gini_household_income,8,Opportunity,-1,anchor_low,minus,-0.015,2013,35.54,35.36,-0.18,0.18
gini_household_income,8,Opportunity,-1,anchor_low,minus,-0.015,2014,36.62,36.44,-0.18,0.18
gini_household_income,8,Opportunity,-1,anchor_low,minus,-0.015,2015,36.78,36.59,-0.19,0.19
gini_household_income,8,Opportunity,-1,anchor_low,minus,-0.015,2016,38.11,37.93,-0.18,0.18
gini_household_income,8,Opportunity,-1,anchor_low,minus,-0.015,2017,37.96,37.8,-0.16,0.16
gini_household_income,8,Opportunity,-1,anchor_low,minus,-0.015,2018,39.78,39.64,-0.14,0.14
gini_household_income,8,Opportunity,-1,anchor_low,minus,-0.015,2019,42.06,41.91,-0.15,0.15
gini_household_income,8,Opportunity,-1,anchor_low,minus,-0.015,2020,42.03,41.88,-0.15,0.15
gini_household_income,8,Opportunity,-1,anchor_low,minus,-0.015,2021,42.36,42.18,-0.18,0.18
gini_household_income,8,Opportunity,-1,anchor_low,minus,-0.015,2022,38.63,38.52,-0.11,0.11
gini_household_income,8,Opportunity,-1,anchor_low,minus,-0.015,2023,42.06,41.88,-0.18,0.18
gini_household_income,8,Opportunity,-1,anchor_low,minus,-0.015,2024,44.16,43.99,-0.17,0.17
gini_household_income,8,Opportunity,-1,anchor_high,plus,0.015,2010,35.45,36.53,1.08,1.08
gini_household_income,8,Opportunity,-1,anchor_high,plus,0.015,2011,35.42,36.52,1.1,1.1
gini_household_income,8,Opportunity,-1,anchor_high,plus,0.015,2012,36.95,38.09,1.14,1.14
gini_household_income,8,Opportunity,-1,anchor_high,plus,0.015,2013,35.54,36.72,1.18,1.18
gini_household_income,8,Opportunity,-1,anchor_high,plus,0.015,2014,36.62,37.81,1.19,1.19
gini_household_income,8,Opportunity,-1,anchor_high,plus,0.015,2015,36.78,37.96,1.18,1.18
gini_household_income,8,Opportunity,-1,anchor_high,plus,0.015,2016,38.11,39.3,1.19,1.19
gini_household_income,8,Opportunity,-1,anchor_high,plus,0.015,2017,37.96,39.16,1.2,1.2
gini_household_income,8,Opportunity,-1,anchor_high,plus,0.015,2018,39.78,41.01,1.23,1.23
gini_household_income,8,Opportunity,-1,anchor_high,plus,0.015,2019,42.06,43.28,1.22,1.22
gini_household_income,8,Opportunity,-1,anchor_high,plus,0.015,2020,42.03,43.24,1.21,1.21
gini_household_income,8,Opportunity,-1,anchor_high,plus,0.015,2021,42.36,43.54,1.18,1.18
gini_household_income,8,Opportunity,-1,anchor_high,plus,0.015,2022,38.63,39.88,1.25,1.25
gini_household_income,8,Opportunity,-1,anchor_high,plus,0.015,2023,42.06,43.25,1.19,1.19
gini_household_income,8,Opportunity,-1,anchor_high,plus,0.015,2024,44.16,45.35,1.19,1.19
gini_household_income,8,Opportunity,-1,anchor_high,minus,-0.015,2010,35.45,34.12,-1.33,1.33
gini_household_income,8,Opportunity,-1,anchor_high,minus,-0.015,2011,35.42,34.06,-1.36,1.36
gini_household_income,8,Opportunity,-1,anchor_high,minus,-0.015,2012,36.95,35.54,-1.41,1.41
gini_household_income,8,Opportunity,-1,anchor_high,minus,-0.015,2013,35.54,34.08,-1.46,1.46
gini_household_income,8,Opportunity,-1,anchor_high,minus,-0.015,2014,36.62,35.17,-1.45,1.45
gini_household_income,8,Opportunity,-1,anchor_high,minus,-0.015,2015,36.78,35.34,-1.44,1.44
gini_household_income,8,Opportunity,-1,anchor_high,minus,-0.015,2016,38.11,36.66,-1.45,1.45
gini_household_income,8,Opportunity,-1,anchor_high,minus,-0.015,2017,37.96,36.5,-1.46,1.46
gini_household_income,8,Opportunity,-1,anchor_high,minus,-0.015,2018,39.78,38.32,-1.46,1.46
gini_household_income,8,Opportunity,-1,anchor_high,minus,-0.015,2019,42.06,40.57,-1.49,1.49
gini_household_income,8,Opportunity,-1,anchor_high,minus,-0.015,2020,42.03,40.54,-1.49,1.49
gini_household_income,8,Opportunity,-1,anchor_high,minus,-0.015,2021,42.36,40.91,-1.45,1.45
gini_household_income,8,Opportunity,-1,anchor_high,minus,-0.015,2022,38.63,37.42,-1.21,1.21
gini_household_income,8,Opportunity,-1,anchor_high,minus,-0.015,2023,42.06,40.61,-1.45,1.45
gini_household_income,8,Opportunity,-1,anchor_high,minus,-0.015,2024,44.16,42.71,-1.45,1.45
vep_turnout,9,Civic,1,anchor_low,plus,2.5,2010,35.45,34.85,-0.6,0.6
vep_turnout,9,Civic,1,anchor_low,plus,2.5,2011,35.42,34.82,-0.6,0.6
vep_turnout,9,Civic,1,anchor_low,plus,2.5,2012,36.95,36.22,-0.73,0.73
vep_turnout,9,Civic,1,anchor_low,plus,2.5,2013,35.54,34.81,-0.73,0.73
vep_turnout,9,Civic,1,anchor_low,plus,2.5,2014,36.62,35.89,-0.73,0.73
vep_turnout,9,Civic,1,anchor_low,plus,2.5,2015,36.78,36.05,-0.73,0.73
vep_turnout,9,Civic,1,anchor_low,plus,2.5,2016,38.11,37.45,-0.66,0.66
vep_turnout,9,Civic,1,anchor_low,plus,2.5,2017,37.96,37.3,-0.66,0.66
vep_turnout,9,Civic,1,anchor_low,plus,2.5,2018,39.78,39.11,-0.67,0.67
vep_turnout,9,Civic,1,anchor_low,plus,2.5,2019,42.06,41.4,-0.66,0.66
vep_turnout,9,Civic,1,anchor_low,plus,2.5,2020,42.03,41.65,-0.38,0.38
vep_turnout,9,Civic,1,anchor_low,plus,2.5,2021,42.36,41.99,-0.37,0.37
vep_turnout,9,Civic,1,anchor_low,plus,2.5,2022,38.63,38.25,-0.38,0.38
vep_turnout,9,Civic,1,anchor_low,plus,2.5,2023,42.06,41.69,-0.37,0.37
vep_turnout,9,Civic,1,anchor_low,plus,2.5,2024,44.16,43.67,-0.49,0.49
vep_turnout,9,Civic,1,anchor_low,minus,-2.5,2010,35.45,35.93,0.48,0.48
vep_turnout,9,Civic,1,anchor_low,minus,-2.5,2011,35.42,35.9,0.48,0.48
vep_turnout,9,Civic,1,anchor_low,minus,-2.5,2012,36.95,37.54,0.59,0.59
vep_turnout,9,Civic,1,anchor_low,minus,-2.5,2013,35.54,36.13,0.59,0.59
vep_turnout,9,Civic,1,anchor_low,minus,-2.5,2014,36.62,37.22,0.6,0.6
vep_turnout,9,Civic,1,anchor_low,minus,-2.5,2015,36.78,37.38,0.6,0.6
vep_turnout,9,Civic,1,anchor_low,minus,-2.5,2016,38.11,38.65,0.54,0.54
vep_turnout,9,Civic,1,anchor_low,minus,-2.5,2017,37.96,38.51,0.55,0.55
vep_turnout,9,Civic,1,anchor_low,minus,-2.5,2018,39.78,40.32,0.54,0.54
vep_turnout,9,Civic,1,anchor_low,minus,-2.5,2019,42.06,42.6,0.54,0.54
vep_turnout,9,Civic,1,anchor_low,minus,-2.5,2020,42.03,42.33,0.3,0.3
vep_turnout,9,Civic,1,anchor_low,minus,-2.5,2021,42.36,42.66,0.3,0.3
vep_turnout,9,Civic,1,anchor_low,minus,-2.5,2022,38.63,38.93,0.3,0.3
vep_turnout,9,Civic,1,anchor_low,minus,-2.5,2023,42.06,42.36,0.3,0.3
vep_turnout,9,Civic,1,anchor_low,minus,-2.5,2024,44.16,44.57,0.41,0.41
vep_turnout,9,Civic,1,anchor_high,plus,2.5,2010,35.45,35.02,-0.43,0.43
vep_turnout,9,Civic,1,anchor_high,plus,2.5,2011,35.42,34.99,-0.43,0.43
vep_turnout,9,Civic,1,anchor_high,plus,2.5,2012,36.95,36.63,-0.32,0.32
vep_turnout,9,Civic,1,anchor_high,plus,2.5,2013,35.54,35.22,-0.32,0.32
vep_turnout,9,Civic,1,anchor_high,plus,2.5,2014,36.62,36.31,-0.31,0.31
vep_turnout,9,Civic,1,anchor_high,plus,2.5,2015,36.78,36.47,-0.31,0.31
vep_turnout,9,Civic,1,anchor_high,plus,2.5,2016,38.11,37.74,-0.37,0.37
vep_turnout,9,Civic,1,anchor_high,plus,2.5,2017,37.96,37.6,-0.36,0.36
vep_turnout,9,Civic,1,anchor_high,plus,2.5,2018,39.78,39.41,-0.37,0.37
vep_turnout,9,Civic,1,anchor_high,plus,2.5,2019,42.06,41.69,-0.37,0.37
vep_turnout,9,Civic,1,anchor_high,plus,2.5,2020,42.03,41.42,-0.61,0.61
vep_turnout,9,Civic,1,anchor_high,plus,2.5,2021,42.36,41.76,-0.6,0.6
vep_turnout,9,Civic,1,anchor_high,plus,2.5,2022,38.63,38.02,-0.61,0.61
vep_turnout,9,Civic,1,anchor_high,plus,2.5,2023,42.06,41.46,-0.6,0.6
vep_turnout,9,Civic,1,anchor_high,plus,2.5,2024,44.16,43.66,-0.5,0.5
vep_turnout,9,Civic,1,anchor_high,minus,-2.5,2010,35.45,35.96,0.51,0.51
vep_turnout,9,Civic,1,anchor_high,minus,-2.5,2011,35.42,35.93,0.51,0.51
vep_turnout,9,Civic,1,anchor_high,minus,-2.5,2012,36.95,37.33,0.38,0.38
vep_turnout,9,Civic,1,anchor_high,minus,-2.5,2013,35.54,35.92,0.38,0.38
vep_turnout,9,Civic,1,anchor_high,minus,-2.5,2014,36.62,37.0,0.38,0.38
vep_turnout,9,Civic,1,anchor_high,minus,-2.5,2015,36.78,37.16,0.38,0.38
vep_turnout,9,Civic,1,anchor_high,minus,-2.5,2016,38.11,38.56,0.45,0.45
vep_turnout,9,Civic,1,anchor_high,minus,-2.5,2017,37.96,38.41,0.45,0.45
vep_turnout,9,Civic,1,anchor_high,minus,-2.5,2018,39.78,40.23,0.45,0.45
vep_turnout,9,Civic,1,anchor_high,minus,-2.5,2019,42.06,42.51,0.45,0.45
vep_turnout,9,Civic,1,anchor_high,minus,-2.5,2020,42.03,42.76,0.73,0.73
vep_turnout,9,Civic,1,anchor_high,minus,-2.5,2021,42.36,43.1,0.74,0.74
vep_turnout,9,Civic,1,anchor_high,minus,-2.5,2022,38.63,39.36,0.73,0.73
vep_turnout,9,Civic,1,anchor_high,minus,-2.5,2023,42.06,42.8,0.74,0.74
vep_turnout,9,Civic,1,anchor_high,minus,-2.5,2024,44.16,44.78,0.62,0.62
incarceration_rate_per_100k,10,Safety,-1,anchor_low,plus,60.0,2010,35.45,35.5,0.05,0.05
incarceration_rate_per_100k,10,Safety,-1,anchor_low,plus,60.0,2011,35.42,35.47,0.05,0.05
incarceration_rate_per_100k,10,Safety,-1,anchor_low,plus,60.0,2012,36.95,37.07,0.12,0.12
incarceration_rate_per_100k,10,Safety,-1,anchor_low,plus,60.0,2013,35.54,35.65,0.11,0.11
incarceration_rate_per_100k,10,Safety,-1,anchor_low,plus,60.0,2014,36.62,36.79,0.17,0.17
incarceration_rate_per_100k,10,Safety,-1,anchor_low,plus,60.0,2015,36.78,36.95,0.17,0.17
incarceration_rate_per_100k,10,Safety,-1,anchor_low,plus,60.0,2016,38.11,38.36,0.25,0.25
incarceration_rate_per_100k,10,Safety,-1,anchor_low,plus,60.0,2017,37.96,38.21,0.25,0.25
incarceration_rate_per_100k,10,Safety,-1,anchor_low,plus,60.0,2018,39.78,40.09,0.31,0.31
incarceration_rate_per_100k,10,Safety,-1,anchor_low,plus,60.0,2019,42.06,42.41,0.35,0.35
incarceration_rate_per_100k,10,Safety,-1,anchor_low,plus,60.0,2020,42.03,42.66,0.63,0.63
incarceration_rate_per_100k,10,Safety,-1,anchor_low,plus,60.0,2021,42.36,43.04,0.68,0.68
incarceration_rate_per_100k,10,Safety,-1,anchor_low,plus,60.0,2022,38.63,39.21,0.58,0.58
incarceration_rate_per_100k,10,Safety,-1,anchor_low,plus,60.0,2023,42.06,42.6,0.54,0.54
incarceration_rate_per_100k,10,Safety,-1,anchor_low,plus,60.0,2024,44.16,44.7,0.54,0.54
incarceration_rate_per_100k,10,Safety,-1,anchor_low,minus,-60.0,2010,35.45,35.4,-0.05,0.05
incarceration_rate_per_100k,10,Safety,-1,anchor_low,minus,-60.0,2011,35.42,35.37,-0.05,0.05
incarceration_rate_per_100k,10,Safety,-1,anchor_low,minus,-60.0,2012,36.95,36.85,-0.1,0.1
incarceration_rate_per_100k,10,Safety,-1,anchor_low,minus,-60.0,2013,35.54,35.44,-0.1,0.1
incarceration_rate_per_100k,10,Safety,-1,anchor_low,minus,-60.0,2014,36.62,36.48,-0.14,0.14
incarceration_rate_per_100k,10,Safety,-1,anchor_low,minus,-60.0,2015,36.78,36.64,-0.14,0.14
incarceration_rate_per_100k,10,Safety,-1,anchor_low,minus,-60.0,2016,38.11,37.9,-0.21,0.21
incarceration_rate_per_100k,10,Safety,-1,anchor_low,minus,-60.0,2017,37.96,37.76,-0.2,0.2
incarceration_rate_per_100k,10,Safety,-1,anchor_low,minus,-60.0,2018,39.78,39.52,-0.26,0.26
incarceration_rate_per_100k,10,Safety,-1,anchor_low,minus,-60.0,2019,42.06,41.78,-0.28,0.28
incarceration_rate_per_100k,10,Safety,-1,anchor_low,minus,-60.0,2020,42.03,41.51,-0.52,0.52
incarceration_rate_per_100k,10,Safety,-1,anchor_low,minus,-60.0,2021,42.36,41.8,-0.56,0.56
incarceration_rate_per_100k,10,Safety,-1,anchor_low,minus,-60.0,2022,38.63,38.15,-0.48,0.48
incarceration_rate_per_100k,10,Safety,-1,anchor_low,minus,-60.0,2023,42.06,41.62,-0.44,0.44
incarceration_rate_per_100k,10,Safety,-1,anchor_low,minus,-60.0,2024,44.16,43.72,-0.44,0.44
incarceration_rate_per_100k,10,Safety,-1,anchor_high,plus,60.0,2010,35.45,36.76,1.31,1.31
incarceration_rate_per_100k,10,Safety,-1,anchor_high,plus,60.0,2011,35.42,36.73,1.31,1.31
incarceration_rate_per_100k,10,Safety,-1,anchor_high,plus,60.0,2012,36.95,38.21,1.26,1.26
incarceration_rate_per_100k,10,Safety,-1,anchor_high,plus,60.0,2013,35.54,36.8,1.26,1.26
incarceration_rate_per_100k,10,Safety,-1,anchor_high,plus,60.0,2014,36.62,37.85,1.23,1.23
incarceration_rate_per_100k,10,Safety,-1,anchor_high,plus,60.0,2015,36.78,38.01,1.23,1.23
incarceration_rate_per_100k,10,Safety,-1,anchor_high,plus,60.0,2016,38.11,39.27,1.16,1.16
incarceration_rate_per_100k,10,Safety,-1,anchor_high,plus,60.0,2017,37.96,39.12,1.16,1.16
incarceration_rate_per_100k,10,Safety,-1,anchor_high,plus,60.0,2018,39.78,40.88,1.1,1.1
incarceration_rate_per_100k,10,Safety,-1,anchor_high,plus,60.0,2019,42.06,43.14,1.08,1.08
incarceration_rate_per_100k,10,Safety,-1,anchor_high,plus,60.0,2020,42.03,42.87,0.84,0.84
incarceration_rate_per_100k,10,Safety,-1,anchor_high,plus,60.0,2021,42.36,43.17,0.81,0.81
incarceration_rate_per_100k,10,Safety,-1,anchor_high,plus,60.0,2022,38.63,39.51,0.88,0.88
incarceration_rate_per_100k,10,Safety,-1,anchor_high,plus,60.0,2023,42.06,42.98,0.92,0.92
incarceration_rate_per_100k,10,Safety,-1,anchor_high,plus,60.0,2024,44.16,45.08,0.92,0.92
incarceration_rate_per_100k,10,Safety,-1,anchor_high,minus,-60.0,2010,35.45,34.95,-0.5,0.5
incarceration_rate_per_100k,10,Safety,-1,anchor_high,minus,-60.0,2011,35.42,34.92,-0.5,0.5
incarceration_rate_per_100k,10,Safety,-1,anchor_high,minus,-60.0,2012,36.95,35.87,-1.08,1.08
incarceration_rate_per_100k,10,Safety,-1,anchor_high,minus,-60.0,2013,35.54,34.46,-1.08,1.08
incarceration_rate_per_100k,10,Safety,-1,anchor_high,minus,-60.0,2014,36.62,35.12,-1.5,1.5
incarceration_rate_per_100k,10,Safety,-1,anchor_high,minus,-60.0,2015,36.78,35.28,-1.5,1.5
incarceration_rate_per_100k,10,Safety,-1,anchor_high,minus,-60.0,2016,38.11,36.69,-1.42,1.42
incarceration_rate_per_100k,10,Safety,-1,anchor_high,minus,-60.0,2017,37.96,36.55,-1.41,1.41
incarceration_rate_per_100k,10,Safety,-1,anchor_high,minus,-60.0,2018,39.78,38.42,-1.36,1.36
incarceration_rate_per_100k,10,Safety,-1,anchor_high,minus,-60.0,2019,42.06,40.74,-1.32,1.32
incarceration_rate_per_100k,10,Safety,-1,anchor_high,minus,-60.0,2020,42.03,40.99,-1.04,1.04
incarceration_rate_per_100k,10,Safety,-1,anchor_high,minus,-60.0,2021,42.36,41.37,-0.99,0.99
incarceration_rate_per_100k,10,Safety,-1,anchor_high,minus,-60.0,2022,38.63,37.54,-1.09,1.09
incarceration_rate_per_100k,10,Safety,-1,anchor_high,minus,-60.0,2023,42.06,40.93,-1.13,1.13
incarceration_rate_per_100k,10,Safety,-1,anchor_high,minus,-60.0,2024,44.16,43.04,-1.12,1.12
